{
  "split": "test",
  "overall_iou": 0.6710056494968702,
  "loss": 0.09711273597933548,
  "per_category": {
    "aeroplane": 0.6567740159914082,
    "bench": 0.6061006440962716,
    "cabinet": 0.8115524623602156,
    "car": 0.8635778169803505,
    "chair": 0.5781238053636399,
    "display": 0.5437899673124775,
    "lamp": 0.44079560077729163,
    "speaker": 0.702239327109777,
    "rifle": 0.6199775009661128,
    "sofa": 0.7331015818231688,
    "table": 0.6301585883581634,
    "telephone": 0.8007036567493496,
    "watercraft": 0.6189710345205427
  },
  "checkpoint": "checkpoints/resnet50_refiner_bce_best.pt"
}