{
  "split": "test",
  "overall_iou": 0.6548187380419256,
  "loss": 0.08651470982702184,
  "per_category": {
    "aeroplane": 0.6236000200756538,
    "bench": 0.5702655358280946,
    "cabinet": 0.7914082266981639,
    "car": 0.8550495827579244,
    "chair": 0.5547427628906519,
    "display": 0.5189010077325458,
    "lamp": 0.42040986859950646,
    "speaker": 0.7010836501992666,
    "rifle": 0.5969057502401502,
    "sofa": 0.7233852414516952,
    "table": 0.6240780134923227,
    "telephone": 0.8008174448499182,
    "watercraft": 0.5974306491296978
  },
  "checkpoint": "checkpoints/resnet18_noref_bce_best.pt"
}