{
  "split": "test",
  "overall_iou": 0.57368894081074,
  "loss": 0.009309868412272859,
  "per_category": {
    "aeroplane": 0.49801159406218815,
    "bench": 0.4504871282766184,
    "cabinet": 0.7571782299568729,
    "car": 0.8211260894350683,
    "chair": 0.4472191201500813,
    "display": 0.4459909732604336,
    "lamp": 0.3123827229381629,
    "speaker": 0.6364632569497022,
    "rifle": 0.463525610949452,
    "sofa": 0.6619658603112023,
    "table": 0.5568418799838268,
    "telephone": 0.7642620539610491,
    "watercraft": 0.47731880723902176
  },
  "checkpoint": "checkpoints/resnet18_refiner_focal_best.pt"
}