{
  "split": "test",
  "overall_iou": 0.6770601150401477,
  "loss": 0.3362122130604671,
  "per_category": {
    "aeroplane": 0.6805693903822958,
    "bench": 0.6174171115936977,
    "cabinet": 0.8070051449631888,
    "car": 0.8561727828498208,
    "chair": 0.5788410007610488,
    "display": 0.5519258833617311,
    "lamp": 0.4764885432867994,
    "speaker": 0.7086661741911219,
    "rifle": 0.6491996266692877,
    "sofa": 0.7286598956960393,
    "table": 0.6334251963301177,
    "telephone": 0.8062303676424434,
    "watercraft": 0.6267172786141423
  },
  "checkpoint": "checkpoints/resnet18_refiner_bcedice_best.pt"
}