{
  "split": "test",
  "overall_iou": 0.6565673890208913,
  "loss": 0.089986732066901,
  "per_category": {
    "aeroplane": 0.620431433815831,
    "bench": 0.5789606428019457,
    "cabinet": 0.8073794557934716,
    "car": 0.8551339305773487,
    "chair": 0.5554775804853961,
    "display": 0.5241603951985863,
    "lamp": 0.42327236539261137,
    "speaker": 0.7079492063132616,
    "rifle": 0.5986850331508016,
    "sofa": 0.7228291975466286,
    "table": 0.625095703928915,
    "telephone": 0.7951836387728345,
    "watercraft": 0.6046970169368777
  },
  "checkpoint": "checkpoints/resnet18_refiner_bce_best.pt"
}